id,filename,season,indices
978f49d7,predictor_978f49d7_1.parquet,1,fde0e327-340e2882-43701738-e306f58b-e601b072-ecaf68aa-711b08fc-89595d7b-PDO-ONI-SAM-DMI
978f49d7,predictor_978f49d7_2.parquet,2,fde0e327-340e2882-43701738-e306f58b-e601b072-ecaf68aa-711b08fc-89595d7b-PDO-ONI-SAM-DMI
978f49d7,predictor_978f49d7_3.parquet,3,fde0e327-340e2882-43701738-e306f58b-e601b072-ecaf68aa-711b08fc-89595d7b-PDO-ONI-SAM-DMI
978f49d7,predictor_978f49d7_4.parquet,4,fde0e327-340e2882-43701738-e306f58b-e601b072-ecaf68aa-711b08fc-89595d7b-PDO-ONI-SAM-DMI
978f49d7,predictor_978f49d7_5.parquet,5,fde0e327-340e2882-43701738-e306f58b-e601b072-ecaf68aa-711b08fc-89595d7b-PDO-ONI-SAM-DMI
978f49d7,predictor_978f49d7_6.parquet,6,fde0e327-340e2882-43701738-e306f58b-e601b072-ecaf68aa-711b08fc-89595d7b-PDO-ONI-SAM-DMI
978f49d7,predictor_978f49d7_7.parquet,7,fde0e327-340e2882-43701738-e306f58b-e601b072-ecaf68aa-711b08fc-89595d7b-PDO-ONI-SAM-DMI
978f49d7,predictor_978f49d7_8.parquet,8,fde0e327-340e2882-43701738-e306f58b-e601b072-ecaf68aa-711b08fc-89595d7b-PDO-ONI-SAM-DMI
978f49d7,predictor_978f49d7_9.parquet,9,fde0e327-340e2882-43701738-e306f58b-e601b072-ecaf68aa-711b08fc-89595d7b-PDO-ONI-SAM-DMI
978f49d7,predictor_978f49d7_10.parquet,10,fde0e327-340e2882-43701738-e306f58b-e601b072-ecaf68aa-711b08fc-89595d7b-PDO-ONI-SAM-DMI
978f49d7,predictor_978f49d7_11.parquet,11,fde0e327-340e2882-43701738-e306f58b-e601b072-ecaf68aa-711b08fc-89595d7b-PDO-ONI-SAM-DMI
978f49d7,predictor_978f49d7_12.parquet,12,fde0e327-340e2882-43701738-e306f58b-e601b072-ecaf68aa-711b08fc-89595d7b-PDO-ONI-SAM-DMI
69ae08a8,predictor_69ae08a8_1.parquet,1,fde0e327-340e2882-b91ccd4e-c6184040-c1c59e4d-8c4a4c9c-cb76aaa7-d416bd24-b259d0dd-a15e4d0f-1223f1f4-0d0d4c54-051cd6f3-422ed1de-39b84026-PDO-ONI-SAM-DMI
69ae08a8,predictor_69ae08a8_2.parquet,2,fde0e327-340e2882-b91ccd4e-c6184040-c1c59e4d-8c4a4c9c-cb76aaa7-d416bd24-b259d0dd-a15e4d0f-1223f1f4-0d0d4c54-051cd6f3-422ed1de-39b84026-PDO-ONI-SAM-DMI
69ae08a8,predictor_69ae08a8_3.parquet,3,fde0e327-340e2882-b91ccd4e-c6184040-c1c59e4d-8c4a4c9c-cb76aaa7-d416bd24-b259d0dd-a15e4d0f-1223f1f4-0d0d4c54-051cd6f3-422ed1de-39b84026-PDO-ONI-SAM-DMI
69ae08a8,predictor_69ae08a8_4.parquet,4,fde0e327-340e2882-b91ccd4e-c6184040-c1c59e4d-8c4a4c9c-cb76aaa7-d416bd24-b259d0dd-a15e4d0f-1223f1f4-0d0d4c54-051cd6f3-422ed1de-39b84026-PDO-ONI-SAM-DMI
69ae08a8,predictor_69ae08a8_5.parquet,5,fde0e327-340e2882-b91ccd4e-c6184040-c1c59e4d-8c4a4c9c-cb76aaa7-d416bd24-b259d0dd-a15e4d0f-1223f1f4-0d0d4c54-051cd6f3-422ed1de-39b84026-PDO-ONI-SAM-DMI
69ae08a8,predictor_69ae08a8_6.parquet,6,fde0e327-340e2882-b91ccd4e-c6184040-c1c59e4d-8c4a4c9c-cb76aaa7-d416bd24-b259d0dd-a15e4d0f-1223f1f4-0d0d4c54-051cd6f3-422ed1de-39b84026-PDO-ONI-SAM-DMI
69ae08a8,predictor_69ae08a8_7.parquet,7,fde0e327-340e2882-b91ccd4e-c6184040-c1c59e4d-8c4a4c9c-cb76aaa7-d416bd24-b259d0dd-a15e4d0f-1223f1f4-0d0d4c54-051cd6f3-422ed1de-39b84026-PDO-ONI-SAM-DMI
69ae08a8,predictor_69ae08a8_8.parquet,8,fde0e327-340e2882-b91ccd4e-c6184040-c1c59e4d-8c4a4c9c-cb76aaa7-d416bd24-b259d0dd-a15e4d0f-1223f1f4-0d0d4c54-051cd6f3-422ed1de-39b84026-PDO-ONI-SAM-DMI
69ae08a8,predictor_69ae08a8_9.parquet,9,fde0e327-340e2882-b91ccd4e-c6184040-c1c59e4d-8c4a4c9c-cb76aaa7-d416bd24-b259d0dd-a15e4d0f-1223f1f4-0d0d4c54-051cd6f3-422ed1de-39b84026-PDO-ONI-SAM-DMI
69ae08a8,predictor_69ae08a8_10.parquet,10,fde0e327-340e2882-b91ccd4e-c6184040-c1c59e4d-8c4a4c9c-cb76aaa7-d416bd24-b259d0dd-a15e4d0f-1223f1f4-0d0d4c54-051cd6f3-422ed1de-39b84026-PDO-ONI-SAM-DMI
69ae08a8,predictor_69ae08a8_11.parquet,11,fde0e327-340e2882-b91ccd4e-c6184040-c1c59e4d-8c4a4c9c-cb76aaa7-d416bd24-b259d0dd-a15e4d0f-1223f1f4-0d0d4c54-051cd6f3-422ed1de-39b84026-PDO-ONI-SAM-DMI
69ae08a8,predictor_69ae08a8_12.parquet,12,fde0e327-340e2882-b91ccd4e-c6184040-c1c59e4d-8c4a4c9c-cb76aaa7-d416bd24-b259d0dd-a15e4d0f-1223f1f4-0d0d4c54-051cd6f3-422ed1de-39b84026-PDO-ONI-SAM-DMI
1b939ac5,predictor_1b939ac5_1.parquet,1,fde0e327-340e2882-b91ccd4e-c6184040-c1c59e4d-8c4a4c9c-cb76aaa7-d416bd24-b259d0dd-a15e4d0f-1223f1f4-0d0d4c54-051cd6f3-422ed1de-39b84026-06fc643c-PDO-ONI-SAM-DMI
1b939ac5,predictor_1b939ac5_2.parquet,2,fde0e327-340e2882-b91ccd4e-c6184040-c1c59e4d-8c4a4c9c-cb76aaa7-d416bd24-b259d0dd-a15e4d0f-1223f1f4-0d0d4c54-051cd6f3-422ed1de-39b84026-06fc643c-PDO-ONI-SAM-DMI
1b939ac5,predictor_1b939ac5_3.parquet,3,fde0e327-340e2882-b91ccd4e-c6184040-c1c59e4d-8c4a4c9c-cb76aaa7-d416bd24-b259d0dd-a15e4d0f-1223f1f4-0d0d4c54-051cd6f3-422ed1de-39b84026-06fc643c-PDO-ONI-SAM-DMI
1b939ac5,predictor_1b939ac5_4.parquet,4,fde0e327-340e2882-b91ccd4e-c6184040-c1c59e4d-8c4a4c9c-cb76aaa7-d416bd24-b259d0dd-a15e4d0f-1223f1f4-0d0d4c54-051cd6f3-422ed1de-39b84026-06fc643c-PDO-ONI-SAM-DMI
1b939ac5,predictor_1b939ac5_5.parquet,5,fde0e327-340e2882-b91ccd4e-c6184040-c1c59e4d-8c4a4c9c-cb76aaa7-d416bd24-b259d0dd-a15e4d0f-1223f1f4-0d0d4c54-051cd6f3-422ed1de-39b84026-06fc643c-PDO-ONI-SAM-DMI
1b939ac5,predictor_1b939ac5_6.parquet,6,fde0e327-340e2882-b91ccd4e-c6184040-c1c59e4d-8c4a4c9c-cb76aaa7-d416bd24-b259d0dd-a15e4d0f-1223f1f4-0d0d4c54-051cd6f3-422ed1de-39b84026-06fc643c-PDO-ONI-SAM-DMI
1b939ac5,predictor_1b939ac5_7.parquet,7,fde0e327-340e2882-b91ccd4e-c6184040-c1c59e4d-8c4a4c9c-cb76aaa7-d416bd24-b259d0dd-a15e4d0f-1223f1f4-0d0d4c54-051cd6f3-422ed1de-39b84026-06fc643c-PDO-ONI-SAM-DMI
1b939ac5,predictor_1b939ac5_8.parquet,8,fde0e327-340e2882-b91ccd4e-c6184040-c1c59e4d-8c4a4c9c-cb76aaa7-d416bd24-b259d0dd-a15e4d0f-1223f1f4-0d0d4c54-051cd6f3-422ed1de-39b84026-06fc643c-PDO-ONI-SAM-DMI
1b939ac5,predictor_1b939ac5_9.parquet,9,fde0e327-340e2882-b91ccd4e-c6184040-c1c59e4d-8c4a4c9c-cb76aaa7-d416bd24-b259d0dd-a15e4d0f-1223f1f4-0d0d4c54-051cd6f3-422ed1de-39b84026-06fc643c-PDO-ONI-SAM-DMI
1b939ac5,predictor_1b939ac5_10.parquet,10,fde0e327-340e2882-b91ccd4e-c6184040-c1c59e4d-8c4a4c9c-cb76aaa7-d416bd24-b259d0dd-a15e4d0f-1223f1f4-0d0d4c54-051cd6f3-422ed1de-39b84026-06fc643c-PDO-ONI-SAM-DMI
1b939ac5,predictor_1b939ac5_11.parquet,11,fde0e327-340e2882-b91ccd4e-c6184040-c1c59e4d-8c4a4c9c-cb76aaa7-d416bd24-b259d0dd-a15e4d0f-1223f1f4-0d0d4c54-051cd6f3-422ed1de-39b84026-06fc643c-PDO-ONI-SAM-DMI
1b939ac5,predictor_1b939ac5_12.parquet,12,fde0e327-340e2882-b91ccd4e-c6184040-c1c59e4d-8c4a4c9c-cb76aaa7-d416bd24-b259d0dd-a15e4d0f-1223f1f4-0d0d4c54-051cd6f3-422ed1de-39b84026-06fc643c-PDO-ONI-SAM-DMI
50a3f070,predictor_50a3f070_1.parquet,1,fde0e327-340e2882-b91ccd4e-c6184040-c1c59e4d-8c4a4c9c-cb76aaa7-d416bd24-b259d0dd-a15e4d0f-1223f1f4-0d0d4c54-051cd6f3-422ed1de-39b84026-PDO-ONI-SAM-DMI-ADV
50a3f070,predictor_50a3f070_2.parquet,2,fde0e327-340e2882-b91ccd4e-c6184040-c1c59e4d-8c4a4c9c-cb76aaa7-d416bd24-b259d0dd-a15e4d0f-1223f1f4-0d0d4c54-051cd6f3-422ed1de-39b84026-PDO-ONI-SAM-DMI-ADV
50a3f070,predictor_50a3f070_3.parquet,3,fde0e327-340e2882-b91ccd4e-c6184040-c1c59e4d-8c4a4c9c-cb76aaa7-d416bd24-b259d0dd-a15e4d0f-1223f1f4-0d0d4c54-051cd6f3-422ed1de-39b84026-PDO-ONI-SAM-DMI-ADV
50a3f070,predictor_50a3f070_4.parquet,4,fde0e327-340e2882-b91ccd4e-c6184040-c1c59e4d-8c4a4c9c-cb76aaa7-d416bd24-b259d0dd-a15e4d0f-1223f1f4-0d0d4c54-051cd6f3-422ed1de-39b84026-PDO-ONI-SAM-DMI-ADV
50a3f070,predictor_50a3f070_5.parquet,5,fde0e327-340e2882-b91ccd4e-c6184040-c1c59e4d-8c4a4c9c-cb76aaa7-d416bd24-b259d0dd-a15e4d0f-1223f1f4-0d0d4c54-051cd6f3-422ed1de-39b84026-PDO-ONI-SAM-DMI-ADV
50a3f070,predictor_50a3f070_6.parquet,6,fde0e327-340e2882-b91ccd4e-c6184040-c1c59e4d-8c4a4c9c-cb76aaa7-d416bd24-b259d0dd-a15e4d0f-1223f1f4-0d0d4c54-051cd6f3-422ed1de-39b84026-PDO-ONI-SAM-DMI-ADV
50a3f070,predictor_50a3f070_7.parquet,7,fde0e327-340e2882-b91ccd4e-c6184040-c1c59e4d-8c4a4c9c-cb76aaa7-d416bd24-b259d0dd-a15e4d0f-1223f1f4-0d0d4c54-051cd6f3-422ed1de-39b84026-PDO-ONI-SAM-DMI-ADV
50a3f070,predictor_50a3f070_8.parquet,8,fde0e327-340e2882-b91ccd4e-c6184040-c1c59e4d-8c4a4c9c-cb76aaa7-d416bd24-b259d0dd-a15e4d0f-1223f1f4-0d0d4c54-051cd6f3-422ed1de-39b84026-PDO-ONI-SAM-DMI-ADV
50a3f070,predictor_50a3f070_9.parquet,9,fde0e327-340e2882-b91ccd4e-c6184040-c1c59e4d-8c4a4c9c-cb76aaa7-d416bd24-b259d0dd-a15e4d0f-1223f1f4-0d0d4c54-051cd6f3-422ed1de-39b84026-PDO-ONI-SAM-DMI-ADV
50a3f070,predictor_50a3f070_10.parquet,10,fde0e327-340e2882-b91ccd4e-c6184040-c1c59e4d-8c4a4c9c-cb76aaa7-d416bd24-b259d0dd-a15e4d0f-1223f1f4-0d0d4c54-051cd6f3-422ed1de-39b84026-PDO-ONI-SAM-DMI-ADV
50a3f070,predictor_50a3f070_11.parquet,11,fde0e327-340e2882-b91ccd4e-c6184040-c1c59e4d-8c4a4c9c-cb76aaa7-d416bd24-b259d0dd-a15e4d0f-1223f1f4-0d0d4c54-051cd6f3-422ed1de-39b84026-PDO-ONI-SAM-DMI-ADV
50a3f070,predictor_50a3f070_12.parquet,12,fde0e327-340e2882-b91ccd4e-c6184040-c1c59e4d-8c4a4c9c-cb76aaa7-d416bd24-b259d0dd-a15e4d0f-1223f1f4-0d0d4c54-051cd6f3-422ed1de-39b84026-PDO-ONI-SAM-DMI-ADV
4d17ba1a,predictor_4d17ba1a_1.parquet,1,fde0e327-340e2882-b91ccd4e-c6184040-c1c59e4d-8c4a4c9c-cb76aaa7-d416bd24-b259d0dd-a15e4d0f-1223f1f4-0d0d4c54-PDO-ONI-SAM-DMI-ADV
4d17ba1a,predictor_4d17ba1a_2.parquet,2,fde0e327-340e2882-b91ccd4e-c6184040-c1c59e4d-8c4a4c9c-cb76aaa7-d416bd24-b259d0dd-a15e4d0f-1223f1f4-0d0d4c54-PDO-ONI-SAM-DMI-ADV
4d17ba1a,predictor_4d17ba1a_3.parquet,3,fde0e327-340e2882-b91ccd4e-c6184040-c1c59e4d-8c4a4c9c-cb76aaa7-d416bd24-b259d0dd-a15e4d0f-1223f1f4-0d0d4c54-PDO-ONI-SAM-DMI-ADV
4d17ba1a,predictor_4d17ba1a_4.parquet,4,fde0e327-340e2882-b91ccd4e-c6184040-c1c59e4d-8c4a4c9c-cb76aaa7-d416bd24-b259d0dd-a15e4d0f-1223f1f4-0d0d4c54-PDO-ONI-SAM-DMI-ADV
4d17ba1a,predictor_4d17ba1a_5.parquet,5,fde0e327-340e2882-b91ccd4e-c6184040-c1c59e4d-8c4a4c9c-cb76aaa7-d416bd24-b259d0dd-a15e4d0f-1223f1f4-0d0d4c54-PDO-ONI-SAM-DMI-ADV
4d17ba1a,predictor_4d17ba1a_6.parquet,6,fde0e327-340e2882-b91ccd4e-c6184040-c1c59e4d-8c4a4c9c-cb76aaa7-d416bd24-b259d0dd-a15e4d0f-1223f1f4-0d0d4c54-PDO-ONI-SAM-DMI-ADV
4d17ba1a,predictor_4d17ba1a_7.parquet,7,fde0e327-340e2882-b91ccd4e-c6184040-c1c59e4d-8c4a4c9c-cb76aaa7-d416bd24-b259d0dd-a15e4d0f-1223f1f4-0d0d4c54-PDO-ONI-SAM-DMI-ADV
4d17ba1a,predictor_4d17ba1a_8.parquet,8,fde0e327-340e2882-b91ccd4e-c6184040-c1c59e4d-8c4a4c9c-cb76aaa7-d416bd24-b259d0dd-a15e4d0f-1223f1f4-0d0d4c54-PDO-ONI-SAM-DMI-ADV
4d17ba1a,predictor_4d17ba1a_9.parquet,9,fde0e327-340e2882-b91ccd4e-c6184040-c1c59e4d-8c4a4c9c-cb76aaa7-d416bd24-b259d0dd-a15e4d0f-1223f1f4-0d0d4c54-PDO-ONI-SAM-DMI-ADV
4d17ba1a,predictor_4d17ba1a_10.parquet,10,fde0e327-340e2882-b91ccd4e-c6184040-c1c59e4d-8c4a4c9c-cb76aaa7-d416bd24-b259d0dd-a15e4d0f-1223f1f4-0d0d4c54-PDO-ONI-SAM-DMI-ADV
4d17ba1a,predictor_4d17ba1a_11.parquet,11,fde0e327-340e2882-b91ccd4e-c6184040-c1c59e4d-8c4a4c9c-cb76aaa7-d416bd24-b259d0dd-a15e4d0f-1223f1f4-0d0d4c54-PDO-ONI-SAM-DMI-ADV
4d17ba1a,predictor_4d17ba1a_12.parquet,12,fde0e327-340e2882-b91ccd4e-c6184040-c1c59e4d-8c4a4c9c-cb76aaa7-d416bd24-b259d0dd-a15e4d0f-1223f1f4-0d0d4c54-PDO-ONI-SAM-DMI-ADV
3adff093,predictor_3adff093_1.parquet,1,PDO-ONI-SAM-DMI-ADV
3adff093,predictor_3adff093_2.parquet,2,PDO-ONI-SAM-DMI-ADV
3adff093,predictor_3adff093_3.parquet,3,PDO-ONI-SAM-DMI-ADV
3adff093,predictor_3adff093_4.parquet,4,PDO-ONI-SAM-DMI-ADV
3adff093,predictor_3adff093_5.parquet,5,PDO-ONI-SAM-DMI-ADV
3adff093,predictor_3adff093_6.parquet,6,PDO-ONI-SAM-DMI-ADV
3adff093,predictor_3adff093_7.parquet,7,PDO-ONI-SAM-DMI-ADV
3adff093,predictor_3adff093_8.parquet,8,PDO-ONI-SAM-DMI-ADV
3adff093,predictor_3adff093_9.parquet,9,PDO-ONI-SAM-DMI-ADV
3adff093,predictor_3adff093_10.parquet,10,PDO-ONI-SAM-DMI-ADV
3adff093,predictor_3adff093_11.parquet,11,PDO-ONI-SAM-DMI-ADV
3adff093,predictor_3adff093_12.parquet,12,PDO-ONI-SAM-DMI-ADV
b33fc639,predictor_b33fc639_1.parquet,1,fde0e327-340e2882-b91ccd4e-c6184040-c1c59e4d-8c4a4c9c-cb76aaa7-d416bd24-b259d0dd-a15e4d0f-1223f1f4-0d0d4c54
b33fc639,predictor_b33fc639_2.parquet,2,fde0e327-340e2882-b91ccd4e-c6184040-c1c59e4d-8c4a4c9c-cb76aaa7-d416bd24-b259d0dd-a15e4d0f-1223f1f4-0d0d4c54
b33fc639,predictor_b33fc639_3.parquet,3,fde0e327-340e2882-b91ccd4e-c6184040-c1c59e4d-8c4a4c9c-cb76aaa7-d416bd24-b259d0dd-a15e4d0f-1223f1f4-0d0d4c54
b33fc639,predictor_b33fc639_4.parquet,4,fde0e327-340e2882-b91ccd4e-c6184040-c1c59e4d-8c4a4c9c-cb76aaa7-d416bd24-b259d0dd-a15e4d0f-1223f1f4-0d0d4c54
b33fc639,predictor_b33fc639_5.parquet,5,fde0e327-340e2882-b91ccd4e-c6184040-c1c59e4d-8c4a4c9c-cb76aaa7-d416bd24-b259d0dd-a15e4d0f-1223f1f4-0d0d4c54
b33fc639,predictor_b33fc639_6.parquet,6,fde0e327-340e2882-b91ccd4e-c6184040-c1c59e4d-8c4a4c9c-cb76aaa7-d416bd24-b259d0dd-a15e4d0f-1223f1f4-0d0d4c54
b33fc639,predictor_b33fc639_7.parquet,7,fde0e327-340e2882-b91ccd4e-c6184040-c1c59e4d-8c4a4c9c-cb76aaa7-d416bd24-b259d0dd-a15e4d0f-1223f1f4-0d0d4c54
b33fc639,predictor_b33fc639_8.parquet,8,fde0e327-340e2882-b91ccd4e-c6184040-c1c59e4d-8c4a4c9c-cb76aaa7-d416bd24-b259d0dd-a15e4d0f-1223f1f4-0d0d4c54
b33fc639,predictor_b33fc639_9.parquet,9,fde0e327-340e2882-b91ccd4e-c6184040-c1c59e4d-8c4a4c9c-cb76aaa7-d416bd24-b259d0dd-a15e4d0f-1223f1f4-0d0d4c54
b33fc639,predictor_b33fc639_10.parquet,10,fde0e327-340e2882-b91ccd4e-c6184040-c1c59e4d-8c4a4c9c-cb76aaa7-d416bd24-b259d0dd-a15e4d0f-1223f1f4-0d0d4c54
b33fc639,predictor_b33fc639_11.parquet,11,fde0e327-340e2882-b91ccd4e-c6184040-c1c59e4d-8c4a4c9c-cb76aaa7-d416bd24-b259d0dd-a15e4d0f-1223f1f4-0d0d4c54
b33fc639,predictor_b33fc639_12.parquet,12,fde0e327-340e2882-b91ccd4e-c6184040-c1c59e4d-8c4a4c9c-cb76aaa7-d416bd24-b259d0dd-a15e4d0f-1223f1f4-0d0d4c54
511854f2,predictor_511854f2_1.parquet,1,fde0e327-340e2882-b91ccd4e-c6184040-c1c59e4d-8c4a4c9c-cb76aaa7-d416bd24-b259d0dd-a15e4d0f-1223f1f4-0d0d4c54-PDO-SAM-DMI-ADV
511854f2,predictor_511854f2_2.parquet,2,fde0e327-340e2882-b91ccd4e-c6184040-c1c59e4d-8c4a4c9c-cb76aaa7-d416bd24-b259d0dd-a15e4d0f-1223f1f4-0d0d4c54-PDO-SAM-DMI-ADV
511854f2,predictor_511854f2_3.parquet,3,fde0e327-340e2882-b91ccd4e-c6184040-c1c59e4d-8c4a4c9c-cb76aaa7-d416bd24-b259d0dd-a15e4d0f-1223f1f4-0d0d4c54-PDO-SAM-DMI-ADV
511854f2,predictor_511854f2_4.parquet,4,fde0e327-340e2882-b91ccd4e-c6184040-c1c59e4d-8c4a4c9c-cb76aaa7-d416bd24-b259d0dd-a15e4d0f-1223f1f4-0d0d4c54-PDO-SAM-DMI-ADV
511854f2,predictor_511854f2_5.parquet,5,fde0e327-340e2882-b91ccd4e-c6184040-c1c59e4d-8c4a4c9c-cb76aaa7-d416bd24-b259d0dd-a15e4d0f-1223f1f4-0d0d4c54-PDO-SAM-DMI-ADV
511854f2,predictor_511854f2_6.parquet,6,fde0e327-340e2882-b91ccd4e-c6184040-c1c59e4d-8c4a4c9c-cb76aaa7-d416bd24-b259d0dd-a15e4d0f-1223f1f4-0d0d4c54-PDO-SAM-DMI-ADV
511854f2,predictor_511854f2_7.parquet,7,fde0e327-340e2882-b91ccd4e-c6184040-c1c59e4d-8c4a4c9c-cb76aaa7-d416bd24-b259d0dd-a15e4d0f-1223f1f4-0d0d4c54-PDO-SAM-DMI-ADV
511854f2,predictor_511854f2_8.parquet,8,fde0e327-340e2882-b91ccd4e-c6184040-c1c59e4d-8c4a4c9c-cb76aaa7-d416bd24-b259d0dd-a15e4d0f-1223f1f4-0d0d4c54-PDO-SAM-DMI-ADV
511854f2,predictor_511854f2_9.parquet,9,fde0e327-340e2882-b91ccd4e-c6184040-c1c59e4d-8c4a4c9c-cb76aaa7-d416bd24-b259d0dd-a15e4d0f-1223f1f4-0d0d4c54-PDO-SAM-DMI-ADV
511854f2,predictor_511854f2_10.parquet,10,fde0e327-340e2882-b91ccd4e-c6184040-c1c59e4d-8c4a4c9c-cb76aaa7-d416bd24-b259d0dd-a15e4d0f-1223f1f4-0d0d4c54-PDO-SAM-DMI-ADV
511854f2,predictor_511854f2_11.parquet,11,fde0e327-340e2882-b91ccd4e-c6184040-c1c59e4d-8c4a4c9c-cb76aaa7-d416bd24-b259d0dd-a15e4d0f-1223f1f4-0d0d4c54-PDO-SAM-DMI-ADV
511854f2,predictor_511854f2_12.parquet,12,fde0e327-340e2882-b91ccd4e-c6184040-c1c59e4d-8c4a4c9c-cb76aaa7-d416bd24-b259d0dd-a15e4d0f-1223f1f4-0d0d4c54-PDO-SAM-DMI-ADV
9bd58418,predictor_9bd58418_1.parquet,1,fde0e327-340e2882-b91ccd4e-c6184040-c1c59e4d-8c4a4c9c-cb76aaa7-d416bd24-b259d0dd-a15e4d0f-1223f1f4-0d0d4c54-051cd6f3-422ed1de-39b84026-PDO-ONI-SAM-DMI-ADV
9bd58418,predictor_9bd58418_2.parquet,2,fde0e327-340e2882-b91ccd4e-c6184040-c1c59e4d-8c4a4c9c-cb76aaa7-d416bd24-b259d0dd-a15e4d0f-1223f1f4-0d0d4c54-051cd6f3-422ed1de-39b84026-PDO-ONI-SAM-DMI-ADV
9bd58418,predictor_9bd58418_3.parquet,3,fde0e327-340e2882-b91ccd4e-c6184040-c1c59e4d-8c4a4c9c-cb76aaa7-d416bd24-b259d0dd-a15e4d0f-1223f1f4-0d0d4c54-051cd6f3-422ed1de-39b84026-PDO-ONI-SAM-DMI-ADV
9bd58418,predictor_9bd58418_4.parquet,4,fde0e327-340e2882-b91ccd4e-c6184040-c1c59e4d-8c4a4c9c-cb76aaa7-d416bd24-b259d0dd-a15e4d0f-1223f1f4-0d0d4c54-051cd6f3-422ed1de-39b84026-PDO-ONI-SAM-DMI-ADV
9bd58418,predictor_9bd58418_5.parquet,5,fde0e327-340e2882-b91ccd4e-c6184040-c1c59e4d-8c4a4c9c-cb76aaa7-d416bd24-b259d0dd-a15e4d0f-1223f1f4-0d0d4c54-051cd6f3-422ed1de-39b84026-PDO-ONI-SAM-DMI-ADV
9bd58418,predictor_9bd58418_6.parquet,6,fde0e327-340e2882-b91ccd4e-c6184040-c1c59e4d-8c4a4c9c-cb76aaa7-d416bd24-b259d0dd-a15e4d0f-1223f1f4-0d0d4c54-051cd6f3-422ed1de-39b84026-PDO-ONI-SAM-DMI-ADV
9bd58418,predictor_9bd58418_7.parquet,7,fde0e327-340e2882-b91ccd4e-c6184040-c1c59e4d-8c4a4c9c-cb76aaa7-d416bd24-b259d0dd-a15e4d0f-1223f1f4-0d0d4c54-051cd6f3-422ed1de-39b84026-PDO-ONI-SAM-DMI-ADV
9bd58418,predictor_9bd58418_8.parquet,8,fde0e327-340e2882-b91ccd4e-c6184040-c1c59e4d-8c4a4c9c-cb76aaa7-d416bd24-b259d0dd-a15e4d0f-1223f1f4-0d0d4c54-051cd6f3-422ed1de-39b84026-PDO-ONI-SAM-DMI-ADV
9bd58418,predictor_9bd58418_9.parquet,9,fde0e327-340e2882-b91ccd4e-c6184040-c1c59e4d-8c4a4c9c-cb76aaa7-d416bd24-b259d0dd-a15e4d0f-1223f1f4-0d0d4c54-051cd6f3-422ed1de-39b84026-PDO-ONI-SAM-DMI-ADV
9bd58418,predictor_9bd58418_10.parquet,10,fde0e327-340e2882-b91ccd4e-c6184040-c1c59e4d-8c4a4c9c-cb76aaa7-d416bd24-b259d0dd-a15e4d0f-1223f1f4-0d0d4c54-051cd6f3-422ed1de-39b84026-PDO-ONI-SAM-DMI-ADV
9bd58418,predictor_9bd58418_11.parquet,11,fde0e327-340e2882-b91ccd4e-c6184040-c1c59e4d-8c4a4c9c-cb76aaa7-d416bd24-b259d0dd-a15e4d0f-1223f1f4-0d0d4c54-051cd6f3-422ed1de-39b84026-PDO-ONI-SAM-DMI-ADV
9bd58418,predictor_9bd58418_12.parquet,12,fde0e327-340e2882-b91ccd4e-c6184040-c1c59e4d-8c4a4c9c-cb76aaa7-d416bd24-b259d0dd-a15e4d0f-1223f1f4-0d0d4c54-051cd6f3-422ed1de-39b84026-PDO-ONI-SAM-DMI-ADV
d7101242,predictor_d7101242_1.parquet,1,fde0e327-340e2882-13e2f761-aa75d48e-2748fd3a-f6e4a28a-7728bf70-a66b8219-PDO-ONI-SAM-DMI
d7101242,predictor_d7101242_2.parquet,2,fde0e327-340e2882-13e2f761-aa75d48e-2748fd3a-f6e4a28a-7728bf70-a66b8219-PDO-ONI-SAM-DMI
d7101242,predictor_d7101242_3.parquet,3,fde0e327-340e2882-13e2f761-aa75d48e-2748fd3a-f6e4a28a-7728bf70-a66b8219-PDO-ONI-SAM-DMI
d7101242,predictor_d7101242_4.parquet,4,fde0e327-340e2882-13e2f761-aa75d48e-2748fd3a-f6e4a28a-7728bf70-a66b8219-PDO-ONI-SAM-DMI
d7101242,predictor_d7101242_5.parquet,5,fde0e327-340e2882-13e2f761-aa75d48e-2748fd3a-f6e4a28a-7728bf70-a66b8219-PDO-ONI-SAM-DMI
d7101242,predictor_d7101242_6.parquet,6,fde0e327-340e2882-13e2f761-aa75d48e-2748fd3a-f6e4a28a-7728bf70-a66b8219-PDO-ONI-SAM-DMI
d7101242,predictor_d7101242_7.parquet,7,fde0e327-340e2882-13e2f761-aa75d48e-2748fd3a-f6e4a28a-7728bf70-a66b8219-PDO-ONI-SAM-DMI
d7101242,predictor_d7101242_8.parquet,8,fde0e327-340e2882-13e2f761-aa75d48e-2748fd3a-f6e4a28a-7728bf70-a66b8219-PDO-ONI-SAM-DMI
d7101242,predictor_d7101242_9.parquet,9,fde0e327-340e2882-13e2f761-aa75d48e-2748fd3a-f6e4a28a-7728bf70-a66b8219-PDO-ONI-SAM-DMI
d7101242,predictor_d7101242_10.parquet,10,fde0e327-340e2882-13e2f761-aa75d48e-2748fd3a-f6e4a28a-7728bf70-a66b8219-PDO-ONI-SAM-DMI
d7101242,predictor_d7101242_11.parquet,11,fde0e327-340e2882-13e2f761-aa75d48e-2748fd3a-f6e4a28a-7728bf70-a66b8219-PDO-ONI-SAM-DMI
d7101242,predictor_d7101242_12.parquet,12,fde0e327-340e2882-13e2f761-aa75d48e-2748fd3a-f6e4a28a-7728bf70-a66b8219-PDO-ONI-SAM-DMI
3832cbd6,predictor_3832cbd6_1.parquet,1,fde0e327-340e2882-13e2f761-aa75d48e-2748fd3a-f6e4a28a-7728bf70-a66b8219
3832cbd6,predictor_3832cbd6_2.parquet,2,fde0e327-340e2882-13e2f761-aa75d48e-2748fd3a-f6e4a28a-7728bf70-a66b8219
3832cbd6,predictor_3832cbd6_3.parquet,3,fde0e327-340e2882-13e2f761-aa75d48e-2748fd3a-f6e4a28a-7728bf70-a66b8219
3832cbd6,predictor_3832cbd6_4.parquet,4,fde0e327-340e2882-13e2f761-aa75d48e-2748fd3a-f6e4a28a-7728bf70-a66b8219
3832cbd6,predictor_3832cbd6_5.parquet,5,fde0e327-340e2882-13e2f761-aa75d48e-2748fd3a-f6e4a28a-7728bf70-a66b8219
3832cbd6,predictor_3832cbd6_6.parquet,6,fde0e327-340e2882-13e2f761-aa75d48e-2748fd3a-f6e4a28a-7728bf70-a66b8219
3832cbd6,predictor_3832cbd6_7.parquet,7,fde0e327-340e2882-13e2f761-aa75d48e-2748fd3a-f6e4a28a-7728bf70-a66b8219
3832cbd6,predictor_3832cbd6_8.parquet,8,fde0e327-340e2882-13e2f761-aa75d48e-2748fd3a-f6e4a28a-7728bf70-a66b8219
3832cbd6,predictor_3832cbd6_9.parquet,9,fde0e327-340e2882-13e2f761-aa75d48e-2748fd3a-f6e4a28a-7728bf70-a66b8219
3832cbd6,predictor_3832cbd6_10.parquet,10,fde0e327-340e2882-13e2f761-aa75d48e-2748fd3a-f6e4a28a-7728bf70-a66b8219
3832cbd6,predictor_3832cbd6_11.parquet,11,fde0e327-340e2882-13e2f761-aa75d48e-2748fd3a-f6e4a28a-7728bf70-a66b8219
3832cbd6,predictor_3832cbd6_12.parquet,12,fde0e327-340e2882-13e2f761-aa75d48e-2748fd3a-f6e4a28a-7728bf70-a66b8219
3df87a13,predictor_3df87a13_1.parquet,1,fde0e327-340e2882-880b8b63-aa75d48e-88249a81-f6e4a28a-7728bf70-a66b8219-285aed8e-59f835e4-PDO-ONI-SAM-DMI
3df87a13,predictor_3df87a13_2.parquet,2,fde0e327-340e2882-880b8b63-aa75d48e-88249a81-f6e4a28a-7728bf70-a66b8219-285aed8e-59f835e4-PDO-ONI-SAM-DMI
3df87a13,predictor_3df87a13_3.parquet,3,fde0e327-340e2882-880b8b63-aa75d48e-88249a81-f6e4a28a-7728bf70-a66b8219-285aed8e-59f835e4-PDO-ONI-SAM-DMI
3df87a13,predictor_3df87a13_4.parquet,4,fde0e327-340e2882-880b8b63-aa75d48e-88249a81-f6e4a28a-7728bf70-a66b8219-285aed8e-59f835e4-PDO-ONI-SAM-DMI
3df87a13,predictor_3df87a13_5.parquet,5,fde0e327-340e2882-880b8b63-aa75d48e-88249a81-f6e4a28a-7728bf70-a66b8219-285aed8e-59f835e4-PDO-ONI-SAM-DMI
3df87a13,predictor_3df87a13_6.parquet,6,fde0e327-340e2882-880b8b63-aa75d48e-88249a81-f6e4a28a-7728bf70-a66b8219-285aed8e-59f835e4-PDO-ONI-SAM-DMI
3df87a13,predictor_3df87a13_7.parquet,7,fde0e327-340e2882-880b8b63-aa75d48e-88249a81-f6e4a28a-7728bf70-a66b8219-285aed8e-59f835e4-PDO-ONI-SAM-DMI
3df87a13,predictor_3df87a13_8.parquet,8,fde0e327-340e2882-880b8b63-aa75d48e-88249a81-f6e4a28a-7728bf70-a66b8219-285aed8e-59f835e4-PDO-ONI-SAM-DMI
3df87a13,predictor_3df87a13_9.parquet,9,fde0e327-340e2882-880b8b63-aa75d48e-88249a81-f6e4a28a-7728bf70-a66b8219-285aed8e-59f835e4-PDO-ONI-SAM-DMI
3df87a13,predictor_3df87a13_10.parquet,10,fde0e327-340e2882-880b8b63-aa75d48e-88249a81-f6e4a28a-7728bf70-a66b8219-285aed8e-59f835e4-PDO-ONI-SAM-DMI
3df87a13,predictor_3df87a13_11.parquet,11,fde0e327-340e2882-880b8b63-aa75d48e-88249a81-f6e4a28a-7728bf70-a66b8219-285aed8e-59f835e4-PDO-ONI-SAM-DMI
3df87a13,predictor_3df87a13_12.parquet,12,fde0e327-340e2882-880b8b63-aa75d48e-88249a81-f6e4a28a-7728bf70-a66b8219-285aed8e-59f835e4-PDO-ONI-SAM-DMI
30ab9bad,predictor_30ab9bad_1.parquet,1,fde0e327-340e2882-880b8b63-aa75d48e-88249a81-f6e4a28a-7728bf70-a66b8219-285aed8e-59f835e4
30ab9bad,predictor_30ab9bad_2.parquet,2,fde0e327-340e2882-880b8b63-aa75d48e-88249a81-f6e4a28a-7728bf70-a66b8219-285aed8e-59f835e4
30ab9bad,predictor_30ab9bad_3.parquet,3,fde0e327-340e2882-880b8b63-aa75d48e-88249a81-f6e4a28a-7728bf70-a66b8219-285aed8e-59f835e4
30ab9bad,predictor_30ab9bad_4.parquet,4,fde0e327-340e2882-880b8b63-aa75d48e-88249a81-f6e4a28a-7728bf70-a66b8219-285aed8e-59f835e4
30ab9bad,predictor_30ab9bad_5.parquet,5,fde0e327-340e2882-880b8b63-aa75d48e-88249a81-f6e4a28a-7728bf70-a66b8219-285aed8e-59f835e4
30ab9bad,predictor_30ab9bad_6.parquet,6,fde0e327-340e2882-880b8b63-aa75d48e-88249a81-f6e4a28a-7728bf70-a66b8219-285aed8e-59f835e4
30ab9bad,predictor_30ab9bad_7.parquet,7,fde0e327-340e2882-880b8b63-aa75d48e-88249a81-f6e4a28a-7728bf70-a66b8219-285aed8e-59f835e4
30ab9bad,predictor_30ab9bad_8.parquet,8,fde0e327-340e2882-880b8b63-aa75d48e-88249a81-f6e4a28a-7728bf70-a66b8219-285aed8e-59f835e4
30ab9bad,predictor_30ab9bad_9.parquet,9,fde0e327-340e2882-880b8b63-aa75d48e-88249a81-f6e4a28a-7728bf70-a66b8219-285aed8e-59f835e4
30ab9bad,predictor_30ab9bad_10.parquet,10,fde0e327-340e2882-880b8b63-aa75d48e-88249a81-f6e4a28a-7728bf70-a66b8219-285aed8e-59f835e4
30ab9bad,predictor_30ab9bad_11.parquet,11,fde0e327-340e2882-880b8b63-aa75d48e-88249a81-f6e4a28a-7728bf70-a66b8219-285aed8e-59f835e4
30ab9bad,predictor_30ab9bad_12.parquet,12,fde0e327-340e2882-880b8b63-aa75d48e-88249a81-f6e4a28a-7728bf70-a66b8219-285aed8e-59f835e4
311dd366,predictor_311dd366_1.parquet,1,fde0e327-340e2882-8c5bce37-880b8b63-aa75d48e-88249a81-f6e4a28a-7728bf70-a66b8219-285aed8e-59f835e4-PDO-ONI-SAM-DMI
311dd366,predictor_311dd366_2.parquet,2,fde0e327-340e2882-8c5bce37-880b8b63-aa75d48e-88249a81-f6e4a28a-7728bf70-a66b8219-285aed8e-59f835e4-PDO-ONI-SAM-DMI
311dd366,predictor_311dd366_3.parquet,3,fde0e327-340e2882-8c5bce37-880b8b63-aa75d48e-88249a81-f6e4a28a-7728bf70-a66b8219-285aed8e-59f835e4-PDO-ONI-SAM-DMI
311dd366,predictor_311dd366_4.parquet,4,fde0e327-340e2882-8c5bce37-880b8b63-aa75d48e-88249a81-f6e4a28a-7728bf70-a66b8219-285aed8e-59f835e4-PDO-ONI-SAM-DMI
311dd366,predictor_311dd366_5.parquet,5,fde0e327-340e2882-8c5bce37-880b8b63-aa75d48e-88249a81-f6e4a28a-7728bf70-a66b8219-285aed8e-59f835e4-PDO-ONI-SAM-DMI
311dd366,predictor_311dd366_6.parquet,6,fde0e327-340e2882-8c5bce37-880b8b63-aa75d48e-88249a81-f6e4a28a-7728bf70-a66b8219-285aed8e-59f835e4-PDO-ONI-SAM-DMI
311dd366,predictor_311dd366_7.parquet,7,fde0e327-340e2882-8c5bce37-880b8b63-aa75d48e-88249a81-f6e4a28a-7728bf70-a66b8219-285aed8e-59f835e4-PDO-ONI-SAM-DMI
311dd366,predictor_311dd366_8.parquet,8,fde0e327-340e2882-8c5bce37-880b8b63-aa75d48e-88249a81-f6e4a28a-7728bf70-a66b8219-285aed8e-59f835e4-PDO-ONI-SAM-DMI
311dd366,predictor_311dd366_9.parquet,9,fde0e327-340e2882-8c5bce37-880b8b63-aa75d48e-88249a81-f6e4a28a-7728bf70-a66b8219-285aed8e-59f835e4-PDO-ONI-SAM-DMI
311dd366,predictor_311dd366_10.parquet,10,fde0e327-340e2882-8c5bce37-880b8b63-aa75d48e-88249a81-f6e4a28a-7728bf70-a66b8219-285aed8e-59f835e4-PDO-ONI-SAM-DMI
311dd366,predictor_311dd366_11.parquet,11,fde0e327-340e2882-8c5bce37-880b8b63-aa75d48e-88249a81-f6e4a28a-7728bf70-a66b8219-285aed8e-59f835e4-PDO-ONI-SAM-DMI
311dd366,predictor_311dd366_12.parquet,12,fde0e327-340e2882-8c5bce37-880b8b63-aa75d48e-88249a81-f6e4a28a-7728bf70-a66b8219-285aed8e-59f835e4-PDO-ONI-SAM-DMI
8c95fd00,predictor_8c95fd00_1.parquet,1,fde0e327-340e2882-8c5bce37-880b8b63-aa75d48e-88249a81-f6e4a28a-7728bf70-a66b8219-285aed8e-59f835e4
8c95fd00,predictor_8c95fd00_2.parquet,2,fde0e327-340e2882-8c5bce37-880b8b63-aa75d48e-88249a81-f6e4a28a-7728bf70-a66b8219-285aed8e-59f835e4
8c95fd00,predictor_8c95fd00_3.parquet,3,fde0e327-340e2882-8c5bce37-880b8b63-aa75d48e-88249a81-f6e4a28a-7728bf70-a66b8219-285aed8e-59f835e4
8c95fd00,predictor_8c95fd00_4.parquet,4,fde0e327-340e2882-8c5bce37-880b8b63-aa75d48e-88249a81-f6e4a28a-7728bf70-a66b8219-285aed8e-59f835e4
8c95fd00,predictor_8c95fd00_5.parquet,5,fde0e327-340e2882-8c5bce37-880b8b63-aa75d48e-88249a81-f6e4a28a-7728bf70-a66b8219-285aed8e-59f835e4
8c95fd00,predictor_8c95fd00_6.parquet,6,fde0e327-340e2882-8c5bce37-880b8b63-aa75d48e-88249a81-f6e4a28a-7728bf70-a66b8219-285aed8e-59f835e4
8c95fd00,predictor_8c95fd00_7.parquet,7,fde0e327-340e2882-8c5bce37-880b8b63-aa75d48e-88249a81-f6e4a28a-7728bf70-a66b8219-285aed8e-59f835e4
8c95fd00,predictor_8c95fd00_8.parquet,8,fde0e327-340e2882-8c5bce37-880b8b63-aa75d48e-88249a81-f6e4a28a-7728bf70-a66b8219-285aed8e-59f835e4
8c95fd00,predictor_8c95fd00_9.parquet,9,fde0e327-340e2882-8c5bce37-880b8b63-aa75d48e-88249a81-f6e4a28a-7728bf70-a66b8219-285aed8e-59f835e4
8c95fd00,predictor_8c95fd00_10.parquet,10,fde0e327-340e2882-8c5bce37-880b8b63-aa75d48e-88249a81-f6e4a28a-7728bf70-a66b8219-285aed8e-59f835e4
8c95fd00,predictor_8c95fd00_11.parquet,11,fde0e327-340e2882-8c5bce37-880b8b63-aa75d48e-88249a81-f6e4a28a-7728bf70-a66b8219-285aed8e-59f835e4
8c95fd00,predictor_8c95fd00_12.parquet,12,fde0e327-340e2882-8c5bce37-880b8b63-aa75d48e-88249a81-f6e4a28a-7728bf70-a66b8219-285aed8e-59f835e4
9f8163e4,predictor_9f8163e4_1.parquet,1,fde0e327-340e2882-8c5bce37-880b8b63-c6b80290-3111321a-88249a81-f6e4a28a-7728bf70-a66b8219-285aed8e-59f835e4-PDO-ONI-SAM-DMI
9f8163e4,predictor_9f8163e4_2.parquet,2,fde0e327-340e2882-8c5bce37-880b8b63-c6b80290-3111321a-88249a81-f6e4a28a-7728bf70-a66b8219-285aed8e-59f835e4-PDO-ONI-SAM-DMI
9f8163e4,predictor_9f8163e4_3.parquet,3,fde0e327-340e2882-8c5bce37-880b8b63-c6b80290-3111321a-88249a81-f6e4a28a-7728bf70-a66b8219-285aed8e-59f835e4-PDO-ONI-SAM-DMI
9f8163e4,predictor_9f8163e4_4.parquet,4,fde0e327-340e2882-8c5bce37-880b8b63-c6b80290-3111321a-88249a81-f6e4a28a-7728bf70-a66b8219-285aed8e-59f835e4-PDO-ONI-SAM-DMI
9f8163e4,predictor_9f8163e4_5.parquet,5,fde0e327-340e2882-8c5bce37-880b8b63-c6b80290-3111321a-88249a81-f6e4a28a-7728bf70-a66b8219-285aed8e-59f835e4-PDO-ONI-SAM-DMI
9f8163e4,predictor_9f8163e4_6.parquet,6,fde0e327-340e2882-8c5bce37-880b8b63-c6b80290-3111321a-88249a81-f6e4a28a-7728bf70-a66b8219-285aed8e-59f835e4-PDO-ONI-SAM-DMI
9f8163e4,predictor_9f8163e4_7.parquet,7,fde0e327-340e2882-8c5bce37-880b8b63-c6b80290-3111321a-88249a81-f6e4a28a-7728bf70-a66b8219-285aed8e-59f835e4-PDO-ONI-SAM-DMI
9f8163e4,predictor_9f8163e4_8.parquet,8,fde0e327-340e2882-8c5bce37-880b8b63-c6b80290-3111321a-88249a81-f6e4a28a-7728bf70-a66b8219-285aed8e-59f835e4-PDO-ONI-SAM-DMI
9f8163e4,predictor_9f8163e4_9.parquet,9,fde0e327-340e2882-8c5bce37-880b8b63-c6b80290-3111321a-88249a81-f6e4a28a-7728bf70-a66b8219-285aed8e-59f835e4-PDO-ONI-SAM-DMI
9f8163e4,predictor_9f8163e4_10.parquet,10,fde0e327-340e2882-8c5bce37-880b8b63-c6b80290-3111321a-88249a81-f6e4a28a-7728bf70-a66b8219-285aed8e-59f835e4-PDO-ONI-SAM-DMI
9f8163e4,predictor_9f8163e4_11.parquet,11,fde0e327-340e2882-8c5bce37-880b8b63-c6b80290-3111321a-88249a81-f6e4a28a-7728bf70-a66b8219-285aed8e-59f835e4-PDO-ONI-SAM-DMI
9f8163e4,predictor_9f8163e4_12.parquet,12,fde0e327-340e2882-8c5bce37-880b8b63-c6b80290-3111321a-88249a81-f6e4a28a-7728bf70-a66b8219-285aed8e-59f835e4-PDO-ONI-SAM-DMI
4effa258,predictor_4effa258_1.parquet,1,fde0e327-340e2882-a5df415f-c6184040-c1c59e4d-8c4a4c9c-cb76aaa7-d416bd24-b259d0dd-a15e4d0f-1223f1f4-0d0d4c54-dadf178c-ee1c472f-f4577f2a-PDO-ONI-SAM-DMI
4effa258,predictor_4effa258_2.parquet,2,fde0e327-340e2882-a5df415f-c6184040-c1c59e4d-8c4a4c9c-cb76aaa7-d416bd24-b259d0dd-a15e4d0f-1223f1f4-0d0d4c54-dadf178c-ee1c472f-f4577f2a-PDO-ONI-SAM-DMI
4effa258,predictor_4effa258_3.parquet,3,fde0e327-340e2882-a5df415f-c6184040-c1c59e4d-8c4a4c9c-cb76aaa7-d416bd24-b259d0dd-a15e4d0f-1223f1f4-0d0d4c54-dadf178c-ee1c472f-f4577f2a-PDO-ONI-SAM-DMI
4effa258,predictor_4effa258_4.parquet,4,fde0e327-340e2882-a5df415f-c6184040-c1c59e4d-8c4a4c9c-cb76aaa7-d416bd24-b259d0dd-a15e4d0f-1223f1f4-0d0d4c54-dadf178c-ee1c472f-f4577f2a-PDO-ONI-SAM-DMI
4effa258,predictor_4effa258_5.parquet,5,fde0e327-340e2882-a5df415f-c6184040-c1c59e4d-8c4a4c9c-cb76aaa7-d416bd24-b259d0dd-a15e4d0f-1223f1f4-0d0d4c54-dadf178c-ee1c472f-f4577f2a-PDO-ONI-SAM-DMI
4effa258,predictor_4effa258_6.parquet,6,fde0e327-340e2882-a5df415f-c6184040-c1c59e4d-8c4a4c9c-cb76aaa7-d416bd24-b259d0dd-a15e4d0f-1223f1f4-0d0d4c54-dadf178c-ee1c472f-f4577f2a-PDO-ONI-SAM-DMI
4effa258,predictor_4effa258_7.parquet,7,fde0e327-340e2882-a5df415f-c6184040-c1c59e4d-8c4a4c9c-cb76aaa7-d416bd24-b259d0dd-a15e4d0f-1223f1f4-0d0d4c54-dadf178c-ee1c472f-f4577f2a-PDO-ONI-SAM-DMI
4effa258,predictor_4effa258_8.parquet,8,fde0e327-340e2882-a5df415f-c6184040-c1c59e4d-8c4a4c9c-cb76aaa7-d416bd24-b259d0dd-a15e4d0f-1223f1f4-0d0d4c54-dadf178c-ee1c472f-f4577f2a-PDO-ONI-SAM-DMI
4effa258,predictor_4effa258_9.parquet,9,fde0e327-340e2882-a5df415f-c6184040-c1c59e4d-8c4a4c9c-cb76aaa7-d416bd24-b259d0dd-a15e4d0f-1223f1f4-0d0d4c54-dadf178c-ee1c472f-f4577f2a-PDO-ONI-SAM-DMI
4effa258,predictor_4effa258_10.parquet,10,fde0e327-340e2882-a5df415f-c6184040-c1c59e4d-8c4a4c9c-cb76aaa7-d416bd24-b259d0dd-a15e4d0f-1223f1f4-0d0d4c54-dadf178c-ee1c472f-f4577f2a-PDO-ONI-SAM-DMI
4effa258,predictor_4effa258_11.parquet,11,fde0e327-340e2882-a5df415f-c6184040-c1c59e4d-8c4a4c9c-cb76aaa7-d416bd24-b259d0dd-a15e4d0f-1223f1f4-0d0d4c54-dadf178c-ee1c472f-f4577f2a-PDO-ONI-SAM-DMI
4effa258,predictor_4effa258_12.parquet,12,fde0e327-340e2882-a5df415f-c6184040-c1c59e4d-8c4a4c9c-cb76aaa7-d416bd24-b259d0dd-a15e4d0f-1223f1f4-0d0d4c54-dadf178c-ee1c472f-f4577f2a-PDO-ONI-SAM-DMI
13a24caf,predictor_13a24caf_1.parquet,1,fde0e327-340e2882-a5df415f-c6184040-c1c59e4d-8c4a4c9c-cb76aaa7-d416bd24-b259d0dd-a15e4d0f-1223f1f4-0d0d4c54-PDO-ONI-SAM-DMI
13a24caf,predictor_13a24caf_2.parquet,2,fde0e327-340e2882-a5df415f-c6184040-c1c59e4d-8c4a4c9c-cb76aaa7-d416bd24-b259d0dd-a15e4d0f-1223f1f4-0d0d4c54-PDO-ONI-SAM-DMI
13a24caf,predictor_13a24caf_3.parquet,3,fde0e327-340e2882-a5df415f-c6184040-c1c59e4d-8c4a4c9c-cb76aaa7-d416bd24-b259d0dd-a15e4d0f-1223f1f4-0d0d4c54-PDO-ONI-SAM-DMI
13a24caf,predictor_13a24caf_4.parquet,4,fde0e327-340e2882-a5df415f-c6184040-c1c59e4d-8c4a4c9c-cb76aaa7-d416bd24-b259d0dd-a15e4d0f-1223f1f4-0d0d4c54-PDO-ONI-SAM-DMI
13a24caf,predictor_13a24caf_5.parquet,5,fde0e327-340e2882-a5df415f-c6184040-c1c59e4d-8c4a4c9c-cb76aaa7-d416bd24-b259d0dd-a15e4d0f-1223f1f4-0d0d4c54-PDO-ONI-SAM-DMI
13a24caf,predictor_13a24caf_6.parquet,6,fde0e327-340e2882-a5df415f-c6184040-c1c59e4d-8c4a4c9c-cb76aaa7-d416bd24-b259d0dd-a15e4d0f-1223f1f4-0d0d4c54-PDO-ONI-SAM-DMI
13a24caf,predictor_13a24caf_7.parquet,7,fde0e327-340e2882-a5df415f-c6184040-c1c59e4d-8c4a4c9c-cb76aaa7-d416bd24-b259d0dd-a15e4d0f-1223f1f4-0d0d4c54-PDO-ONI-SAM-DMI
13a24caf,predictor_13a24caf_8.parquet,8,fde0e327-340e2882-a5df415f-c6184040-c1c59e4d-8c4a4c9c-cb76aaa7-d416bd24-b259d0dd-a15e4d0f-1223f1f4-0d0d4c54-PDO-ONI-SAM-DMI
13a24caf,predictor_13a24caf_9.parquet,9,fde0e327-340e2882-a5df415f-c6184040-c1c59e4d-8c4a4c9c-cb76aaa7-d416bd24-b259d0dd-a15e4d0f-1223f1f4-0d0d4c54-PDO-ONI-SAM-DMI
13a24caf,predictor_13a24caf_10.parquet,10,fde0e327-340e2882-a5df415f-c6184040-c1c59e4d-8c4a4c9c-cb76aaa7-d416bd24-b259d0dd-a15e4d0f-1223f1f4-0d0d4c54-PDO-ONI-SAM-DMI
13a24caf,predictor_13a24caf_11.parquet,11,fde0e327-340e2882-a5df415f-c6184040-c1c59e4d-8c4a4c9c-cb76aaa7-d416bd24-b259d0dd-a15e4d0f-1223f1f4-0d0d4c54-PDO-ONI-SAM-DMI
13a24caf,predictor_13a24caf_12.parquet,12,fde0e327-340e2882-a5df415f-c6184040-c1c59e4d-8c4a4c9c-cb76aaa7-d416bd24-b259d0dd-a15e4d0f-1223f1f4-0d0d4c54-PDO-ONI-SAM-DMI
8359c65d,predictor_8359c65d_1.parquet,1,422ed1de-59f835e4-c1c59e4d-03244181-1223f1f4-7728bf70-PDO-ONI-SAM-DMI
8359c65d,predictor_8359c65d_2.parquet,2,422ed1de-59f835e4-c1c59e4d-03244181-1223f1f4-7728bf70-PDO-ONI-SAM-DMI
8359c65d,predictor_8359c65d_3.parquet,3,422ed1de-59f835e4-c1c59e4d-03244181-1223f1f4-7728bf70-PDO-ONI-SAM-DMI
8359c65d,predictor_8359c65d_4.parquet,4,422ed1de-59f835e4-c1c59e4d-03244181-1223f1f4-7728bf70-PDO-ONI-SAM-DMI
8359c65d,predictor_8359c65d_5.parquet,5,422ed1de-59f835e4-c1c59e4d-03244181-1223f1f4-7728bf70-PDO-ONI-SAM-DMI
8359c65d,predictor_8359c65d_6.parquet,6,422ed1de-59f835e4-c1c59e4d-03244181-1223f1f4-7728bf70-PDO-ONI-SAM-DMI
8359c65d,predictor_8359c65d_7.parquet,7,422ed1de-59f835e4-c1c59e4d-03244181-1223f1f4-7728bf70-PDO-ONI-SAM-DMI
8359c65d,predictor_8359c65d_8.parquet,8,422ed1de-59f835e4-c1c59e4d-03244181-1223f1f4-7728bf70-PDO-ONI-SAM-DMI
8359c65d,predictor_8359c65d_9.parquet,9,422ed1de-59f835e4-c1c59e4d-03244181-1223f1f4-7728bf70-PDO-ONI-SAM-DMI
8359c65d,predictor_8359c65d_10.parquet,10,422ed1de-59f835e4-c1c59e4d-03244181-1223f1f4-7728bf70-PDO-ONI-SAM-DMI
8359c65d,predictor_8359c65d_11.parquet,11,422ed1de-59f835e4-c1c59e4d-03244181-1223f1f4-7728bf70-PDO-ONI-SAM-DMI
8359c65d,predictor_8359c65d_12.parquet,12,422ed1de-59f835e4-c1c59e4d-03244181-1223f1f4-7728bf70-PDO-ONI-SAM-DMI
ecf2577f,predictor_ecf2577f_1.parquet,1,1f3bbd82-aac61eb2-bf935817-80ce3764-d6188e35-74b64e71-e08793a9-15f248b7-f00694af-PDO-ONI-SAM-DMI
ecf2577f,predictor_ecf2577f_2.parquet,2,1f3bbd82-aac61eb2-bf935817-80ce3764-d6188e35-74b64e71-e08793a9-15f248b7-f00694af-PDO-ONI-SAM-DMI
ecf2577f,predictor_ecf2577f_3.parquet,3,1f3bbd82-aac61eb2-bf935817-80ce3764-d6188e35-74b64e71-e08793a9-15f248b7-f00694af-PDO-ONI-SAM-DMI
ecf2577f,predictor_ecf2577f_4.parquet,4,1f3bbd82-aac61eb2-bf935817-80ce3764-d6188e35-74b64e71-e08793a9-15f248b7-f00694af-PDO-ONI-SAM-DMI
ecf2577f,predictor_ecf2577f_5.parquet,5,1f3bbd82-aac61eb2-bf935817-80ce3764-d6188e35-74b64e71-e08793a9-15f248b7-f00694af-PDO-ONI-SAM-DMI
ecf2577f,predictor_ecf2577f_6.parquet,6,1f3bbd82-aac61eb2-bf935817-80ce3764-d6188e35-74b64e71-e08793a9-15f248b7-f00694af-PDO-ONI-SAM-DMI
ecf2577f,predictor_ecf2577f_7.parquet,7,1f3bbd82-aac61eb2-bf935817-80ce3764-d6188e35-74b64e71-e08793a9-15f248b7-f00694af-PDO-ONI-SAM-DMI
ecf2577f,predictor_ecf2577f_8.parquet,8,1f3bbd82-aac61eb2-bf935817-80ce3764-d6188e35-74b64e71-e08793a9-15f248b7-f00694af-PDO-ONI-SAM-DMI
ecf2577f,predictor_ecf2577f_9.parquet,9,1f3bbd82-aac61eb2-bf935817-80ce3764-d6188e35-74b64e71-e08793a9-15f248b7-f00694af-PDO-ONI-SAM-DMI
ecf2577f,predictor_ecf2577f_10.parquet,10,1f3bbd82-aac61eb2-bf935817-80ce3764-d6188e35-74b64e71-e08793a9-15f248b7-f00694af-PDO-ONI-SAM-DMI
ecf2577f,predictor_ecf2577f_11.parquet,11,1f3bbd82-aac61eb2-bf935817-80ce3764-d6188e35-74b64e71-e08793a9-15f248b7-f00694af-PDO-ONI-SAM-DMI
ecf2577f,predictor_ecf2577f_12.parquet,12,1f3bbd82-aac61eb2-bf935817-80ce3764-d6188e35-74b64e71-e08793a9-15f248b7-f00694af-PDO-ONI-SAM-DMI
458d357c,predictor_458d357c_1.parquet,1,32f131d2-69ffcfa8-4af95abb-4a86cb22-52eda853-3bcb0703-1c12658a-3c2a06b5-c7744922-3e97f7f5-57c4c65d-8f223d89-PDO-ONI-SAM-DMI
458d357c,predictor_458d357c_2.parquet,2,32f131d2-69ffcfa8-4af95abb-4a86cb22-52eda853-3bcb0703-1c12658a-3c2a06b5-c7744922-3e97f7f5-57c4c65d-8f223d89-PDO-ONI-SAM-DMI
458d357c,predictor_458d357c_3.parquet,3,32f131d2-69ffcfa8-4af95abb-4a86cb22-52eda853-3bcb0703-1c12658a-3c2a06b5-c7744922-3e97f7f5-57c4c65d-8f223d89-PDO-ONI-SAM-DMI
458d357c,predictor_458d357c_4.parquet,4,32f131d2-69ffcfa8-4af95abb-4a86cb22-52eda853-3bcb0703-1c12658a-3c2a06b5-c7744922-3e97f7f5-57c4c65d-8f223d89-PDO-ONI-SAM-DMI
458d357c,predictor_458d357c_5.parquet,5,32f131d2-69ffcfa8-4af95abb-4a86cb22-52eda853-3bcb0703-1c12658a-3c2a06b5-c7744922-3e97f7f5-57c4c65d-8f223d89-PDO-ONI-SAM-DMI
458d357c,predictor_458d357c_6.parquet,6,32f131d2-69ffcfa8-4af95abb-4a86cb22-52eda853-3bcb0703-1c12658a-3c2a06b5-c7744922-3e97f7f5-57c4c65d-8f223d89-PDO-ONI-SAM-DMI
458d357c,predictor_458d357c_7.parquet,7,32f131d2-69ffcfa8-4af95abb-4a86cb22-52eda853-3bcb0703-1c12658a-3c2a06b5-c7744922-3e97f7f5-57c4c65d-8f223d89-PDO-ONI-SAM-DMI
458d357c,predictor_458d357c_8.parquet,8,32f131d2-69ffcfa8-4af95abb-4a86cb22-52eda853-3bcb0703-1c12658a-3c2a06b5-c7744922-3e97f7f5-57c4c65d-8f223d89-PDO-ONI-SAM-DMI
458d357c,predictor_458d357c_9.parquet,9,32f131d2-69ffcfa8-4af95abb-4a86cb22-52eda853-3bcb0703-1c12658a-3c2a06b5-c7744922-3e97f7f5-57c4c65d-8f223d89-PDO-ONI-SAM-DMI
458d357c,predictor_458d357c_10.parquet,10,32f131d2-69ffcfa8-4af95abb-4a86cb22-52eda853-3bcb0703-1c12658a-3c2a06b5-c7744922-3e97f7f5-57c4c65d-8f223d89-PDO-ONI-SAM-DMI
458d357c,predictor_458d357c_11.parquet,11,32f131d2-69ffcfa8-4af95abb-4a86cb22-52eda853-3bcb0703-1c12658a-3c2a06b5-c7744922-3e97f7f5-57c4c65d-8f223d89-PDO-ONI-SAM-DMI
458d357c,predictor_458d357c_12.parquet,12,32f131d2-69ffcfa8-4af95abb-4a86cb22-52eda853-3bcb0703-1c12658a-3c2a06b5-c7744922-3e97f7f5-57c4c65d-8f223d89-PDO-ONI-SAM-DMI
